35yf-6dy3,63
c323-fb2i,5
eup8-xe3z,3
fbxr-9u99,47
pner-h2in,6
pvm2-bd2i,16
zgvr-7yfd,19
2mtu-ysnw,3
6rq2-yx28,19
8i6r-et8s,98
9kva-bt6k,46
fa8m-mqz6,24
fazv-a8mb,5
gfmr-d54f,22
xc8g-xha7,29
acer-3nmf,14
drv3-jzqp,11
euee-qccq,4
g5i5-yz37,19
j7ew-b73u,23
ndk3-zftj,12
pnau-cf66,3
7jem-9wyw,10
8eww-pamb,8
9a77-69d3,29
bynn-gwxy,7
qcfn-tiw7,5
sm42-rtph,17
ub6s-xy6e,10
vuf2-qfik,15
xq83-jr8c,35
mw69-m6xi,18
q6gh-3miy,23
zh3n-jtnt,17
5neh-572f,5
dsvs-yfj6,7
kukh-c9wt,20
m5qn-gmjx,63
rdd7-bjqm,21
t62e-8nvc,6
wjkc-agnm,8
x8fc-8rcq,15
4arr-givg,46
72qm-3bwf,5
97t6-zrhs,26
hixh-ndcj,14
i6bp-fvbx,7
syk7-tkvr,29
28nh-39r3,21
68rq-5b3g,8
7nii-7srd,28
7pb7-6889,17
dgeh-7h9y,17
fmvm-cdcs,22
p9p7-vfqc,11
u9qt-tv7d,5
wryv-d7zf,15
